<?xml version="1.0" encoding="UTF-8"?>

<beans xmlns="http://www.springframework.org/schema/beans"
   xmlns:context="http://www.springframework.org/schema/context"
   xmlns:xsi="http://www.w3.org/2001/XMLSchema-instance"
   xmlns:mvc="http://www.springframework.org/schema/mvc"
   xsi:schemaLocation="
   http://www.springframework.org/schema/beans     
   http://www.springframework.org/schema/beans/spring-beans.xsd
   http://www.springframework.org/schema/context 
   http://www.springframework.org/schema/context/spring-context.xsd
   http://www.springframework.org/schema/mvc
   http://www.springframework.org/schema/mvc/spring-mvc.xsd">
  
	<!-- To allow Spring to access Resources -->
 	<mvc:resources mapping="/resources/**" location="/resources/" />
 	<mvc:annotation-driven/> 
  
 	<!-- To identify SpringController -->
 	<context:component-scan base-package="codes.Controller" />
 
 	<!-- To identify jsp pages by the name returned by the ModelAndView Name -->
 	<bean id="viewResolver" class="org.springframework.web.servlet.view.InternalResourceViewResolver">
      <property name="prefix" value="/WEB-INF/views/"></property>
      <property name="suffix" value=".jsp" />
   	</bean>
   	
   	<!--<bean id="javaMailSender" class="org.springframework.mail.javamail.JavaMailSender">
   		<property name="host" value="smtp.gmail.com" />
   		<property name="username" value="sanarut8@gmail.com" />
   		<property name="password" value="arut6mjl6selvan" />
   		<property name="javaMailProperties">
   			<props>
   				<prop key="mail.smtp.auth">true</prop>
   				<prop key="mail.smtp.port">587</prop>
   				<prop key="mail.smtp.starttls.enable">true</prop>
   			</props>
   		</property>
   	</bean>-->
    
 </beans>